{"Al(PO3)3": {"uma": 0.07079253695435028, "orb": 0.07700238281256588, "percentage difference": 8.771893373760493}, "LiAlO2": {"uma": 1.4417894070716102, "orb": 1.4941579296875602, "percentage difference": 3.6321894417517404}, "AlClO": {"uma": 5.6179620059486695, "orb": 5.609338789062486, "percentage difference": 0.15349368466808594}, "SmAlO3": {"uma": 1.5720253299231324, "orb": 0.9257679882811871, "percentage difference": 41.10985550554363}, "AlWO4": {"uma": 0.0654959109778126, "orb": 0.04487345703127765, "percentage difference": 31.486628155337836}, "KAlP2O7": {"uma": 0.06911853793168099, "orb": 0.08058839843745069, "percentage difference": 16.594477905633486}, "Cs2Al(NO3)5": {"uma": -0.008959831209626401, "orb": 0.000759365234388909, "percentage difference": 108.47521807746836}, "AlH12(ClO2)3": {"uma": 0.09854201693463871, "orb": 0.34689637695307773, "percentage difference": 252.02889868102494}, "Na3AlP8O23": {"uma": 0.015052558927360238, "orb": 0.011132968750045436, "percentage difference": 26.039361122781397}, "CsAlH24(SeO10)2": {"uma": 0.0875865481843956, "orb": 0.007521894531201667, "percentage difference": 91.41204364468634}, "Al2O3": {"uma": 1.1943035867593679, "orb": 0.6263008789062852, "percentage difference": 47.55932362175228}, "Al2(SO4)3": {"uma": 0.04885524874622682, "orb": 0.04030482421874737, "percentage difference": 17.50154742204606}, "Al2FeO4": {"uma": -0.04602842495971693, "orb": -0.010260976562538104, "percentage difference": 77.70730462422235}, "MgAl2O4": {"uma": 1.0717511404700666, "orb": 0.8329216015624219, "percentage difference": 22.284048030300657}, "Al2(MoO4)3": {"uma": 0.05428191561624374, "orb": 0.04978205078120368, "percentage difference": 8.289804779279903}, "BeAl2O4": {"uma": 0.9446785965244615, "orb": 0.35486171874996586, "percentage difference": 62.435719401759826}}